origin,horizon_days,window_days,universe_rule,min_train_obs,context
2023-01-01,365,91,members_at_origin,50,^GSPC
2023-02-01,365,91,members_at_origin,50,^GSPC
2023-03-01,365,91,members_at_origin,50,^GSPC
2023-04-01,365,91,members_at_origin,50,^GSPC
2023-05-01,365,91,members_at_origin,50,^GSPC
2023-06-01,365,91,members_at_origin,50,^GSPC
2023-07-01,365,91,members_at_origin,50,^GSPC
2023-08-01,365,91,members_at_origin,50,^GSPC
2023-09-01,365,91,members_at_origin,50,^GSPC
2023-10-01,365,91,members_at_origin,50,^GSPC
2023-11-01,365,91,members_at_origin,50,^GSPC
2023-12-01,365,91,members_at_origin,50,^GSPC
2024-01-01,365,91,members_at_origin,50,^GSPC
2024-02-01,365,91,members_at_origin,50,^GSPC
2024-03-01,365,91,members_at_origin,50,^GSPC
2024-04-01,365,91,members_at_origin,50,^GSPC
2024-05-01,365,91,members_at_origin,50,^GSPC
2024-06-01,365,91,members_at_origin,50,^GSPC
2024-07-01,365,91,members_at_origin,50,^GSPC
2024-08-01,365,91,members_at_origin,50,^GSPC
2024-09-01,365,91,members_at_origin,50,^GSPC
2024-10-01,365,91,members_at_origin,50,^GSPC
2024-11-01,365,91,members_at_origin,50,^GSPC
2024-12-01,365,91,members_at_origin,50,^GSPC
